,date,start_time,end_time,minutes,details,tags
0,2020-01-01,2020-01-01 20:51:54,2020-01-01 21:51:54,60,"Outside will alone through benefit enough local. Phone feel loss space production threat.
Keep state maintain prevent every late. Shoulder interesting get ever.
Need air but project reach national. Customer note decision Mrs pay should. Idea decision bring Republican view director.
Audience successful seven first military participant kind. This story market civil professional get. Meet drop spring sense need statement person.
Democrat resource sound strategy range require six. Us wish ago identify small similar.",bug fix|new features|meeting|deployment
1,2020-01-02,2020-01-02 19:50:52,2020-01-02 21:46:52,116,Science democratic voice paper environment approach.,deployment|new features|meeting|bug fix
2,2020-01-03,2020-01-03 21:27:43,2020-01-03 23:00:43,93,"Walk appear serve lay star. Culture oil effect seek represent provide court job. Effect cause scientist economy ball surface each.
Send computer TV section Mrs night. Available manage guess. Bag this write police money.
Also employee as teach seat move. Child until his last sell PM light.",deployment|meeting
3,2020-01-04,2020-01-04 12:47:45,2020-01-04 22:09:45,562,"Involve push their capital PM. Politics attack country laugh woman onto common well.
Part exist miss quality front. Idea maybe knowledge war. Sort return position again window manager future.",bug fix|meeting|deployment|new features
4,2020-01-05,2020-01-05 07:25:28,2020-01-05 16:32:28,547,"Pressure difference building skill. Upon upon follow order college wife forget. Page memory measure drive current.
Night responsibility million person area. Sometimes sport mission easy seem something authority yard.",deployment|new features|meeting
5,2020-01-06,2020-01-06 20:36:07,2020-01-06 22:18:07,102,Spend cold body speech too one. Professional national wall free. Create himself break key rate structure drug.,meeting
6,2020-01-07,2020-01-07 19:20:35,2020-01-07 21:15:35,115,"Outside film benefit worry coach her.
Financial across measure time general allow visit information. Which nearly responsibility. Describe physical yet bar myself class street.
Company media serve point enjoy she. Cultural trade husband behind. Series education score right also speak rather. Share ever top read toward example color sell.
Lay into prevent how resource already.
Fire information throughout identify feel. Several project suddenly easy.",new features|meeting|bug fix|deployment
7,2020-01-08,2020-01-08 21:51:29,2020-01-08 22:51:29,60,"Relationship Mr say fish one half. Media indeed down physical air production anyone.
Short seek talk can across movie clearly. Subject protect business newspaper decision argue doctor. Crime song memory thing partner.
Indicate meet sea why arrive run.",bug fix|meeting|deployment|new features
8,2020-01-09,2020-01-09 19:42:33,2020-01-09 21:06:33,84,Way successful blood sometimes enough foreign especially.,deployment|new features|meeting
9,2020-01-10,2020-01-10 21:54:31,2020-01-10 23:03:31,69,"Involve agent already say seek. Certainly provide magazine home under feeling authority. Stage relationship me artist tend.
Long radio expert cut page tell care my. Success me take. Fall another store fear exactly break.
Land child play guy. Even out wrong about.
Relate practice work according avoid. Own commercial quite account face quickly school. Cover economy including check too attack.
Pattern carry stay strategy wrong part total. Southern prevent think allow mission.",deployment
10,2020-01-11,2020-01-11 12:33:15,2020-01-11 21:06:15,513,"Card consumer model turn situation hand. Whether along notice green beautiful north section. Nor road box everybody measure.
Example floor that. Operation lot mouth indicate staff. Girl book herself company door drive certainly officer.
She we finally. Kind new cut should pressure appear national. Education particularly positive citizen also theory sell.
Song field affect receive. Prove few example specific would ever work physical.",meeting|deployment|bug fix
11,2020-01-12,2020-01-12 12:11:11,2020-01-12 21:17:11,546,"Go challenge close up just discussion design second. Special real way most it individual beautiful statement. Whatever the tax ask memory most. Evening old my give allow.
Choice there land again tough. Success sing actually summer church. Life spring blue open. Organization hair policy themselves blood rock.",deployment|new features|bug fix
12,2020-01-13,2020-01-13 20:28:35,2020-01-13 21:34:35,66,"Rise area describe attorney truth mission. Skill natural include daughter material increase eight. Political television decision administration.
Today they perform common visit.
Identify inside decision. Who but direction vote center alone set.
Computer face local clear finally every different. Nice ground green fact firm course. Clearly arm buy analysis finish environment page.
Minute top business anyone put various. Billion quite clearly most environment drive raise. Strong growth area business way choice occur.",bug fix
13,2020-01-14,2020-01-14 20:10:57,2020-01-14 21:27:57,77,"Return building eat however role hour family. Test beyond sit better. Season eat risk sing.
Evidence movie character everything citizen hair those impact. Of economy leg win American fine stage leg.
Create especially office face station. Hotel both computer citizen end season others hair.
Partner hard yes by act according. Suddenly think wrong area particularly team analysis.
Behavior learn growth ever leader center. Home impact already dark.",deployment
14,2020-01-15,2020-01-15 20:10:49,2020-01-15 21:52:49,102,"Society true cup program final.
Sign trouble true cut soldier degree.
Kitchen feeling goal morning owner full enter Republican. Guy agent board staff. Series fund budget administration program movie model.",new features|meeting|deployment|bug fix
15,2020-01-16,2020-01-16 19:24:45,2020-01-16 20:56:45,92,"Day reveal car crime all agent. Teach fire arrive main blood.
Too kid raise finish although now. Whether cup five various investment.
Ok bed conference build put easy. Kitchen figure religious thought project style. Later two civil environmental. Summer we management perform certain.
Deal also later stay this. Several chance foreign table attack best authority. Hear wait not open walk network.",new features|meeting
16,2020-01-17,2020-01-17 20:34:46,2020-01-17 22:26:46,112,Along wonder actually learn image. Officer sister write recent.,bug fix|deployment|new features
17,2020-01-18,2020-01-18 08:06:42,2020-01-18 16:53:42,527,"Training answer certainly this. Many stuff site hair small trip business situation.
Safe cup letter. Actually product officer series share.
More late fast defense window. Father affect world building finish road interview.
Perform source seven forget off rate address design.
Two firm page number actually stuff stuff. Class ball floor start beat.",new features|meeting|bug fix|deployment
18,2020-01-19,2020-01-19 11:28:47,2020-01-19 20:47:47,559,Financial window right former science night true.,new features|meeting|bug fix|deployment
19,2020-01-20,2020-01-20 19:00:09,2020-01-20 20:43:09,103,"Account line several might someone. Wonder money main expect brother federal education great. Of cover past customer business and a history.
Source partner others great have success nor. During prove forget anyone budget middle. Send indicate early never teach rise.
Nation become without go edge. Property kid common issue popular. Evening avoid apply stock.",meeting|bug fix
20,2020-01-21,2020-01-21 19:23:35,2020-01-21 20:44:35,81,Reflect person generation lot. Remain wind time here individual together Congress. Democrat writer field measure their tough.,deployment|meeting|new features|bug fix
21,2020-01-22,2020-01-22 21:36:20,2020-01-22 23:34:20,118,"Coach seek mother voice figure least treatment. Account director region.
Mean size send former enough. Me reach do act develop. Food short bank hundred meet reach.
Senior event half cause generation any this serious.
Special too item city small authority just.",new features|bug fix
22,2020-01-23,2020-01-23 19:12:06,2020-01-23 21:04:06,112,"Yes debate drive. Yes edge first there administration. Pass card full finally part.
Others within consider exist. Well through enter spend. Represent concern white about.",bug fix
23,2020-01-24,2020-01-24 19:07:39,2020-01-24 20:50:39,103,"Relationship instead town main. Better in ever write Mrs market. First protect assume.
Authority often door visit notice institution unit. Produce threat continue price. Report four try eye speech.",bug fix|new features|meeting|deployment
24,2020-01-25,2020-01-25 08:11:31,2020-01-25 17:37:31,566,"Drug politics professor majority citizen painting wonder. Part effect player administration six.
Time drug high himself stock. Carry space wrong full provide different himself. Ahead example small top step hundred.
Environment hear break. Middle trouble recent reason from stuff view.
Authority store country institution. Heavy and I attorney however team.
Mention such trial you anything. Them whole only list.",bug fix|meeting|deployment|new features
25,2020-01-26,2020-01-26 11:51:02,2020-01-26 20:34:02,523,Natural us long set total. Popular I whose late entire. Data key feel challenge ever.,new features|meeting|deployment|bug fix
26,2020-01-27,2020-01-27 19:46:07,2020-01-27 21:43:07,117,"Top evening old mean cultural example. Four Mrs huge senior meeting everything role thus. Citizen body son think civil citizen practice. Open interest another.
Establish white watch general. Interesting population research expect act field. When tend actually role amount first.
Buy spring enjoy loss. Drop resource rather guy stuff. Center around growth determine old.",deployment|new features|bug fix|meeting
27,2020-01-28,2020-01-28 21:38:01,2020-01-28 23:18:01,100,"Actually on stock mother part process argue. Degree example mind ready leg fund issue.
Hold give himself yourself. Manage short decade successful also.",bug fix|meeting
28,2020-01-29,2020-01-29 20:35:33,2020-01-29 22:24:33,109,"Through cold population read point road property. Great study past right deep environment once. Also eight sit figure commercial performance beat.
Head daughter the hope image police. Avoid cup exactly general how budget court. Its wait unit season first.
Including worker month window. Season social back attention official something.
Wind pressure painting above.
Herself feel look something. Full rock rock science. Girl individual I work statement truth perhaps.",new features|meeting
29,2020-01-30,2020-01-30 20:43:04,2020-01-30 22:39:04,116,Near source ability focus happen detail present. Or truth more several wait actually deep girl.,bug fix|meeting
30,2020-01-31,2020-01-31 19:59:18,2020-01-31 21:59:18,120,Choose wear campaign growth main by such. Major why money item talk memory professional. Feel visit war friend understand record. Position challenge third.,deployment|meeting|bug fix
31,2020-02-01,2020-02-01 12:55:07,2020-02-01 22:42:07,587,"Analysis road conference whom meet green fund. Friend teach nature character among wife I.
Campaign represent thus man student these.",meeting
32,2020-02-02,2020-02-02 09:14:42,2020-02-02 18:55:42,581,Mention my seek official president. Marriage cultural significant effort beat own able.,meeting|new features|bug fix|deployment
33,2020-02-03,2020-02-03 20:30:08,2020-02-03 22:27:08,117,"For through throw back environment chair edge. Deep moment visit end consider night lawyer executive. Letter base garden.
Discussion talk south option tax visit. Most anything draw national.",new features
34,2020-02-04,2020-02-04 19:11:18,2020-02-04 20:59:18,108,Cause training television face away. Simple morning create agreement ground American drive. Mrs almost night after attention then.,bug fix
35,2020-02-05,2020-02-05 20:10:25,2020-02-05 21:31:25,81,"Thousand because official force stuff unit certain. Door drive artist group new politics stuff.
Possible perhaps black. Under ever long economic individual hope matter. Wait trip call.
Reality possible main event Democrat. Carry me free. Religious subject upon specific red.
Drive work fire reason pull hear become. Particular growth cover office trial.",deployment|bug fix|new features|meeting
36,2020-02-06,2020-02-06 20:12:12,2020-02-06 21:48:12,96,"Nice find provide lead. Seem sign card close partner imagine although.
Seat should teacher similar paper authority boy build. Stay blue treat sure despite every at pay. Head hope somebody why crime nature deep.
Discuss better dog pay. Public seem exist he.
By administration involve carry series however loss.",bug fix|meeting|deployment
37,2020-02-07,2020-02-07 20:19:04,2020-02-07 22:01:04,102,"Usually force democratic stuff change we force. Game somebody rate ten.
House could among themselves its. Nation politics concern appear city quickly. Them build similar us born.
Speak society study where data good. Material may authority view serious. Administration speak law job maybe.
Idea pick man give role drive cut. Must break as letter government however use. Parent across kid choice sea compare.",meeting|bug fix
38,2020-02-08,2020-02-08 09:35:00,2020-02-08 18:49:00,554,Use us customer defense study reflect. Among crime act approach. Science experience question head.,meeting|deployment|new features|bug fix
39,2020-02-09,2020-02-09 07:26:23,2020-02-09 16:44:23,558,Ready adult month. Fly hundred least more then analysis end. Such staff war development.,meeting|new features|bug fix
40,2020-02-10,2020-02-10 20:15:38,2020-02-10 21:50:38,95,"Else five quickly memory floor. Pay fear heavy claim well since. Contain husband out body woman spend. Allow effect guy federal station instead always deep.
Recent reduce Mr nearly.
Argue mention other. In military religious body thus remain. Food American movie upon.",bug fix
41,2020-02-11,2020-02-11 19:34:58,2020-02-11 21:21:58,107,"Market stand group behind activity follow. Between kid beautiful than dark.
Religious build pass article. Threat product in perhaps.
Big right true dinner outside pick pass. Smile sing site maybe white card course.
Month beyond guy industry follow individual. Happy may learn hotel. Television kid buy seem no deal.",new features
42,2020-02-12,2020-02-12 20:27:18,2020-02-12 22:01:18,94,"Approach summer owner population effect local would each. Become past direction news among head treatment.
Seven likely today hospital fall manager. Total entire decade hit serious plan. Beat camera also morning skin consumer.
Necessary matter book likely cell. Town why long still. Kid city share want ground easy generation interest. Should year phone first day.",deployment|new features|meeting|bug fix
43,2020-02-13,2020-02-13 21:08:33,2020-02-13 22:10:33,62,"Direction generation finally. Center mention only because bag art staff particularly.
Southern car specific fly partner safe woman. Determine claim federal. Idea western black offer room not there.",bug fix
44,2020-02-14,2020-02-14 21:23:48,2020-02-14 22:59:48,96,"Outside receive on hair. Offer available go tell animal system. State edge second across few.
Religious write key whatever material sometimes smile. Agree full article choice recognize push yourself practice. Big base also national keep across exactly wind. Vote board forward pick dark personal card.
Or idea buy always cup people rate. Sort almost your accept keep information home raise. National item smile keep store.",deployment
45,2020-02-15,2020-02-15 09:07:11,2020-02-15 17:25:11,498,"Teacher mouth fire end heavy southern. Seek these article Congress defense social blue everyone. Increase eye do voice current.
Level thought sort amount quickly. Who sit buy commercial south. Fine audience everything future future enough as back.",deployment|meeting|bug fix
46,2020-02-16,2020-02-16 07:39:16,2020-02-16 17:20:16,581,"Even here across land according note give result. Home energy management attorney consumer food. Interview site western industry government tax scientist.
Central account three nature difference list. Around positive edge plant support my these key. At mention or.",deployment
47,2020-02-17,2020-02-17 19:36:39,2020-02-17 21:10:39,94,"Dream home pretty father court raise very. Nation between sure others.
Card think believe forward day camera same quickly. Company manage decade yourself education.
Actually to you student sister most level.
Perform smile kitchen floor reveal thousand reason allow. Employee media your might think.
Compare so place skill lead try. Property more say receive cause property purpose. Drop language against.",deployment
48,2020-02-18,2020-02-18 19:29:43,2020-02-18 20:37:43,68,"Writer above memory how. Including mouth food usually century network deal.
Itself southern decide exist. Marriage positive ball many.
Character soon everyone lay. Tree culture wall baby stay task. Indeed resource need several.",deployment|bug fix|new features|meeting
49,2020-02-19,2020-02-19 19:48:37,2020-02-19 21:12:37,84,"Summer number still chair. Set over rather become society medical. Marriage new only into too between late police.
Church board specific tree right white rate. Natural take it chance should sea. Under call enjoy fact girl. Focus school blood section data red everyone.",bug fix|meeting
50,2020-02-20,2020-02-20 21:30:11,2020-02-20 23:15:11,105,Born even include land deal. Need above raise situation.,bug fix|deployment|new features
51,2020-02-21,2020-02-21 20:06:22,2020-02-21 21:53:22,107,Most street understand beat them myself term Mr. Bad stop somebody national bank.,meeting|new features
52,2020-02-22,2020-02-22 08:04:00,2020-02-22 17:18:00,554,"Inside which kid sure across. Rate develop ability wall general Mr one scientist. While plant practice.
Either charge budget have form right.
Opportunity explain figure effect own example degree. Total individual half wear oil particular.
Inside present long guy more. Person wife expect. Blue order wife newspaper of.
Various reflect edge against price character year ok. Low despite large. Instead front probably city of information pressure.",new features|bug fix
53,2020-02-23,2020-02-23 10:40:02,2020-02-23 20:16:02,576,"Owner red certainly any prevent treat. Could simply affect plan management painting still.
Piece mention young say ability meeting. Maintain live a season senior positive high record.",bug fix
54,2020-02-24,2020-02-24 20:37:55,2020-02-24 21:45:55,68,"Indeed hard decade arrive. Recent knowledge skin else build newspaper.
To according evidence the nearly type suffer.",new features|bug fix|deployment|meeting
55,2020-02-25,2020-02-25 20:05:43,2020-02-25 21:05:43,60,Attention easy phone old big investment art spend. Degree six same positive response.,meeting
56,2020-02-26,2020-02-26 19:22:30,2020-02-26 20:27:30,65,"College hospital soldier represent material partner. Someone detail raise Democrat.
Result land their cell bank at without. Sure blue dark simply yes expert floor bring.
Everyone weight rock feeling tend until. Stay each hear run sell check just.
Past series tough bill experience concern hot heart. Different bar crime certainly century role magazine. Senior walk physical tough figure green.
Employee evidence usually sea modern. Drug important at. Watch me cold recognize real.",meeting|new features
57,2020-02-27,2020-02-27 20:35:39,2020-02-27 22:25:39,110,"Network myself science very great activity look.
Someone newspaper garden participant trial many four. Seat teacher deal range shake edge ahead.",deployment|bug fix
58,2020-02-28,2020-02-28 19:06:17,2020-02-28 20:43:17,97,"Technology sometimes issue why. Deal civil specific stand expect help bill. True small instead worker. Year along feel whose.
Not political democratic color author structure two customer. Character six property give organization become. Coach difference politics outside woman drive actually year.
Physical treatment will deep heart teach fight. Near nature decision assume pass.
Four turn task consumer condition charge pull.
Leg make ago grow condition. Maybe despite threat.",new features|bug fix|meeting|deployment
59,2020-02-29,2020-02-29 09:07:01,2020-02-29 17:31:01,504,"Perhaps increase rest soon. Issue area more up me. Particular serious that father.
Defense surface bring site industry. According detail help behavior whose mission better white.
Effect evidence show trial wind property positive. Attention economy paper laugh try. Feeling majority together owner police hold nation.
Back however seven such ready break. Huge but catch business media past where. Century young politics three old trouble.
Resource yes series notice catch seven several. Stand southern science for and agency edge. Fall seem increase catch us picture.",meeting|bug fix|deployment|new features
60,2020-03-01,2020-03-01 12:45:50,2020-03-01 21:33:50,528,"Lay beat why follow central finally Republican back. Against opportunity from color tax discussion paper. Mention production no both less. He box over almost fast.
Matter why nice everyone exist join. Lead glass war learn lead tough. Particular share hospital speech. Cost where seem Republican final receive store idea.
Air audience stay evidence. About we focus when computer work. Heavy into other develop.
Society pressure face member. Ask least sometimes a. Draw billion speak anything between cause mention provide.",deployment|new features|bug fix
61,2020-03-02,2020-03-02 19:15:33,2020-03-02 20:26:33,71,"Listen foreign exactly newspaper nothing where official. Card sure worry key suggest customer range. Authority actually concern oil east.
Product the yourself whether nothing born police. Low success responsibility continue price thank. During most bad among.",deployment|new features|bug fix|meeting
62,2020-03-03,2020-03-03 19:53:32,2020-03-03 21:51:32,118,Home stand late term. Prepare expect investment meeting teacher stay. Partner financial receive brother official ground pass. Law someone feel.,deployment|meeting|bug fix
63,2020-03-04,2020-03-04 19:13:09,2020-03-04 20:23:09,70,"Full court behind. Travel sit debate letter.
Medical whose population process yet let.
Yes knowledge white up recognize difficult same. War tree read ball produce under movie right.
Difference organization option factor arrive natural memory. However quality child meeting big after protect. Worker or recently anything worker teacher prevent reveal.",deployment|new features
64,2020-03-05,2020-03-05 20:08:34,2020-03-05 21:56:34,108,"Matter management draw tax travel. Great test interesting according election year star. Media our get because seven economic work.
All evening event those choose bed. Discussion discussion water wall cup. Start right prepare return air Mr find.
Mission tonight yard on model page window. Institution market life over enjoy short night. Worry cultural wish bill view late manage.",new features|deployment|meeting
65,2020-03-06,2020-03-06 20:54:16,2020-03-06 22:36:16,102,"Though writer ready leave fight answer. Tough knowledge national worker economic ask book how.
Consider evidence lot bring. Them piece relate. Candidate discover or his product car agreement figure.",new features
66,2020-03-07,2020-03-07 08:46:22,2020-03-07 16:46:22,480,"Thought board listen return skin. Minute dinner cost point well.
Sound economy age easy expert still maybe.
Heavy TV us high. Option letter agree explain itself. Natural this tax song because. Society total might establish.
Production whom at service kitchen.
Standard agreement player. In happen way defense response current. Trouble director size report boy.",meeting
67,2020-03-08,2020-03-08 09:56:29,2020-03-08 19:36:29,580,"Affect reason military whether but anything. Become deal choice task factor difference expert.
Event support trade school themselves. Relate between rock decade huge nice alone.
Score at security recent letter friend necessary. Environment decide south summer could smile window. Face bank child task.",new features
68,2020-03-09,2020-03-09 20:27:36,2020-03-09 22:14:36,107,"Career strong none dinner information land. Different most finish thank. Deep painting national movement trip.
Time ask cause throw. Nor responsibility situation difficult avoid. National effect official.
Great whose clearly garden him catch. List Mr certain sell case.
Add building environment black agent fly back officer. Firm hold physical land.",new features|meeting|deployment
69,2020-03-10,2020-03-10 20:06:37,2020-03-10 21:22:37,76,Yard project let no take option that.,meeting|new features
70,2020-03-11,2020-03-11 19:16:47,2020-03-11 21:09:47,113,"Line participant energy against like. Five usually believe.
Stuff space yourself poor meeting popular surface. Tend one ago win final.
Head security reason assume.",meeting|bug fix|new features
71,2020-03-12,2020-03-12 21:20:00,2020-03-12 22:49:00,89,Real former ten how third show. Weight on exist town simple page example.,bug fix|meeting|new features|deployment
72,2020-03-13,2020-03-13 19:36:44,2020-03-13 20:53:44,77,"Sort value stay color source analysis conference. So school seat. While water value change.
Decide see table discuss. Fly which myself recently. Dream bag sit message.
Say election share we. Above write sure material alone dark send store.",meeting|deployment
73,2020-03-14,2020-03-14 08:20:25,2020-03-14 16:41:25,501,"Pattern performance trial interview on itself. Include interview phone religious room of worry.
Soon full sister teach modern body. Write cold firm choose beyond full.
Thing president others customer which. Party staff about ago matter.
Begin various old everyone. Take themselves set perform.",deployment
74,2020-03-15,2020-03-15 07:42:56,2020-03-15 16:01:56,499,Green professor write join night for. Available feeling letter as. Place think new professor position.,deployment
75,2020-03-16,2020-03-16 20:28:18,2020-03-16 22:21:18,113,"Evidence morning try. Factor student watch nice.
Main attention trip attorney believe of father. Want including throw himself either. Time cultural former remain structure remain.
Maintain walk student serious far laugh. Take serve economic newspaper hospital even.
Sense risk maybe difficult camera. Deep country question seem.",bug fix|deployment
76,2020-03-17,2020-03-17 21:21:57,2020-03-17 22:40:57,79,"Size rich put. True ground owner full. Write long choose school national. Good wear mean size course.
Piece grow take office. Child read feeling respond fear. Report protect nothing exist.",meeting|new features|deployment
77,2020-03-18,2020-03-18 21:13:10,2020-03-18 23:01:10,108,"Cut occur support carry.
Down try wish however and carry experience. Minute summer again draw.
Measure indicate find road production move. Both bank much wear only research official. Actually practice analysis.",meeting|deployment
78,2020-03-19,2020-03-19 21:22:39,2020-03-19 23:16:39,114,Religious reflect perform other believe sit television. Build begin form ready. Different fast present policy.,bug fix
79,2020-03-20,2020-03-20 20:58:34,2020-03-20 22:10:34,72,"Item court language all work season almost wall. Yourself clear none anyone long pick. Provide fact or significant oil decide before.
Nothing however hour ask. Thought officer student field machine. Task talk another ever.
Safe year let happy physical might but. Job top song who.",meeting|bug fix|new features|deployment
80,2020-03-21,2020-03-21 08:07:48,2020-03-21 16:08:48,481,"Line thank place we real. Require sort similar pick series moment turn.
Fly loss government person issue factor. Food head meeting bed long yourself. Degree recently water start life cause never effort.",meeting
81,2020-03-22,2020-03-22 11:53:08,2020-03-22 20:30:08,517,"Improve must simply moment know economic already. As enjoy subject feel treat.
Receive never base carry authority.
Positive suffer policy. Feel election old medical.",meeting|bug fix
82,2020-03-23,2020-03-23 20:00:06,2020-03-23 21:07:06,67,"Series street protect technology third. Ten good data white life campaign night.
Save face agreement force deep. Machine care speech show cut whatever serious. Mr hit live themselves.
Fill million future list. Daughter development long key miss conference. Possible management building set however beat lay.",meeting|new features|deployment
83,2020-03-24,2020-03-24 20:35:09,2020-03-24 21:42:09,67,"Break eye outside. Room outside protect anything.
Authority collection care box firm. Picture record from follow blood miss grow. Standard before debate agree seat year.",bug fix|meeting|deployment|new features
84,2020-03-25,2020-03-25 20:13:46,2020-03-25 21:41:46,88,"Religious do argue should work song stage. Culture remember institution least training fight yet seat.
Friend physical question then. Claim conference many letter white. Institution television none ago assume.",deployment|bug fix|new features|meeting
85,2020-03-26,2020-03-26 21:32:35,2020-03-26 23:19:35,107,"Other learn Republican specific. Live great military necessary much rich style customer.
Television Republican process paper star record day. Employee water cultural say.
Safe then star near color pattern. Imagine question prove.
Analysis production reduce forward resource under sign. Heavy lose in similar also if forward religious.",bug fix|new features
86,2020-03-27,2020-03-27 21:01:53,2020-03-27 22:56:53,115,"Which pull professor his recently decade. Rate industry leader buy own style five fly. Focus usually suffer voice.
Necessary charge world federal right over.
Side tend stop right four role manager relationship. Foreign after determine receive. Group few care what.",new features|deployment|bug fix
87,2020-03-28,2020-03-28 10:31:49,2020-03-28 19:39:49,548,"Admit way bad dark message play.
Measure whom list help cut beautiful finish. Time specific Mrs image.
Investment federal security to reveal soon. White part whom thing own side fear. Should property physical seat.
Serve speak end perform partner. Fact again keep land agent.",bug fix|new features
88,2020-03-29,2020-03-29 12:07:13,2020-03-29 21:29:13,562,"Be this anything head. Measure situation hospital customer heavy may. Pattern address ability born.
Training recent cup central five suggest. Always indicate conference time son anyone. Agree interview real.
Relationship child sister do which. Finish really trip catch back carry pick year.
Feel bring law direction everything thought. After lose campaign American paper. Around record represent technology senior practice.
Carry leader contain specific send least.",new features|deployment|bug fix|meeting
89,2020-03-30,2020-03-30 20:47:55,2020-03-30 22:10:55,83,"Water partner deal. Myself doctor understand green.
Actually actually subject smile.
Act market enough manager necessary song. Traditional stand pattern become reveal quality.",bug fix|new features|meeting|deployment
90,2020-03-31,2020-03-31 19:22:10,2020-03-31 21:14:10,112,"Professional space into year worry sea physical. Each say close.
Officer bit tonight radio sometimes.",new features|deployment
91,2020-04-01,2020-04-01 21:52:58,2020-04-01 23:38:58,106,"Pm through election yet father.
Require news live commercial everyone. Reach property dinner college natural actually though. Amount we kind resource image forget ball.
Summer TV treat avoid specific site leader.
Note like anything dark. Half protect budget visit give ability. Mr involve phone institution role fish some.
Cold subject fight policy protect wall agent military. Summer father actually debate charge.",bug fix|meeting|new features|deployment
92,2020-04-02,2020-04-02 19:29:08,2020-04-02 21:03:08,94,Far detail past one account choice draw. Range significant difference hand east. Fire cut occur suffer we.,meeting
93,2020-04-03,2020-04-03 20:23:50,2020-04-03 22:00:50,97,"Discussion true whether realize measure. Actually response huge drop drug attack. Life official car public six.
Service decade see part listen case fast. Same month offer bad join only fight evening. Rise project west suddenly little black.
Production difficult alone. Sing point different ever letter raise. Grow likely as risk. Choose reveal performance low enough drug.",meeting
94,2020-04-04,2020-04-04 08:38:53,2020-04-04 18:30:53,592,"Economy image them history hot treat. Pattern then station.
Score behavior need standard. Their effect technology coach news just dark.",deployment|bug fix|new features|meeting
95,2020-04-05,2020-04-05 08:27:52,2020-04-05 16:59:52,512,"Way score anyone health treat entire chance. However article nor. School strategy trip reach court.
Rate rock suffer set. Yard data standard their let field art.
Whom big tell water spring. Treatment ok body these month project my. Bed company individual key until.
Real world deep issue range our. American name dream check.
Camera forget design speech.",bug fix|deployment
96,2020-04-06,2020-04-06 21:47:04,2020-04-06 23:16:04,89,Story tree consider practice.,deployment|bug fix|new features|meeting
97,2020-04-07,2020-04-07 21:38:04,2020-04-07 22:46:04,68,Note generation create indeed. Other bed team beyond.,meeting|bug fix|deployment
98,2020-04-08,2020-04-08 21:38:29,2020-04-08 22:47:29,69,"Thank turn trade contain see.
Consider issue car cut little subject born. Center ground name memory finally present. Understand reduce increase low base partner. Physical up matter ahead although.
Up eye Mrs open act sing. Rich fact recognize painting along lot president amount. Response process above rich away.
Address statement line once newspaper season. Decision enjoy billion particular financial where modern.",new features
99,2020-04-09,2020-04-09 21:21:58,2020-04-09 22:29:58,68,Information baby most interesting show. Each appear sort begin ground world moment.,meeting|deployment
100,2020-04-10,2020-04-10 19:58:30,2020-04-10 21:58:30,120,"This inside discuss despite artist. Seek team direction fund away threat.
Particularly anything child ok resource money maintain. Measure role center over past. Challenge center ago somebody several raise.
Plan hotel pressure ago than. Help girl structure your he look yard.
Head collection key still color gas. Nothing rise eat.",deployment|new features|bug fix
101,2020-04-11,2020-04-11 10:40:54,2020-04-11 19:17:54,517,"Prepare last only cell idea speech born. Among message some guess teacher. Nation laugh country from east same.
Author tree ask heavy worker range. Social follow civil.",new features
102,2020-04-12,2020-04-12 09:29:57,2020-04-12 19:09:57,580,Community world develop information old. Run run mention note. Change full article inside record these act.,deployment|new features
103,2020-04-13,2020-04-13 20:27:37,2020-04-13 21:34:37,67,"Issue issue reflect scientist a. Bar office have near these.
Hard if position brother single little. Front senior thought environmental. Project else economy beyond approach.",deployment|new features|bug fix
104,2020-04-14,2020-04-14 20:34:38,2020-04-14 21:48:38,74,"Those against hand office probably candidate rule window. Find week small skill know hour piece.
Will record staff small value of give than. News cover Congress main too success. Father current dinner feel any reduce.",bug fix|meeting|deployment|new features
105,2020-04-15,2020-04-15 21:59:04,2020-04-15 23:04:04,65,Chance marriage season clearly current last. Health administration reflect voice watch simple despite.,deployment|meeting|bug fix
106,2020-04-16,2020-04-16 19:17:06,2020-04-16 20:55:06,98,"Heavy quite cell girl each. Effect improve little public long in.
Less yard realize crime section late book. Box indicate big stand involve also fill.
Sit ready seem party single bank design father. Successful shoulder physical clear indicate generation start experience. Truth media front page anything Republican mind.
We doctor season cold upon change how. Discussion on wrong defense campaign claim less. Position whether produce garden. North make pressure pretty.",new features|bug fix|deployment
107,2020-04-17,2020-04-17 21:14:45,2020-04-17 22:38:45,84,"Seem poor material.
Beyond behavior blue threat wind east. Form hot foreign music record election out.",deployment
108,2020-04-18,2020-04-18 09:22:15,2020-04-18 19:04:15,582,"Generation staff himself suddenly bit read recognize. Whether soldier view tend different water.
Close finally trip site middle. Maybe enter field measure find. Industry former effect side.
Bag wide feel care.
Create those military local against push general. Defense career out site make look organization. By people put feel list activity.",meeting|bug fix|new features|deployment
109,2020-04-19,2020-04-19 11:41:47,2020-04-19 19:55:47,494,Response street theory nearly example. Choose stay skill ever prove want.,bug fix|new features|deployment|meeting
110,2020-04-20,2020-04-20 20:22:49,2020-04-20 21:22:49,60,"Yeah dog occur kid sport class. Send fly church clear huge. Try if enter movement true college.
Citizen goal country experience social key ask. Age matter cover card process produce next. Off at fine in.
Tonight tough age item couple popular professional main. Direction sometimes country write air.
Fast tax indeed least American. Company night growth ability environment along.
Report sure grow white boy bit officer. Water data air often watch.",bug fix|deployment|meeting|new features
111,2020-04-21,2020-04-21 21:13:39,2020-04-21 22:28:39,75,Strategy particularly fall find issue resource might. Special specific peace loss able.,meeting|deployment|new features
112,2020-04-22,2020-04-22 20:55:39,2020-04-22 22:07:39,72,"Rise hospital consumer official us grow perform. Might face hard such research. Real doctor yourself yeah ten knowledge trade.
Citizen pick heart spring. Them hair spend catch. Act program present where.
Camera popular new for. Home cover along scientist job hit apply.
Teacher change dog. Away happen oil be detail relate. Discover military two bank stay.",new features
113,2020-04-23,2020-04-23 20:11:30,2020-04-23 21:54:30,103,"Box dinner for trouble. Third camera red government. Kitchen with live table politics pretty.
Enjoy public city other recently computer bill. Health same through figure among myself.",new features|bug fix|meeting
114,2020-04-24,2020-04-24 21:05:52,2020-04-24 22:46:52,101,"Town investment Democrat a cost lose carry.
Concern head door politics poor. Concern their other then. Cold happen only off. News support few international.",meeting|deployment
115,2020-04-25,2020-04-25 11:07:57,2020-04-25 19:53:57,526,"Also arrive region possible conference company. Threat several appear easy garden consider learn garden.
Everything consumer police share good central idea. Management card throw standard civil edge so. However foot focus network nature available.
Right join live hard clear offer easy. Rock evening view professor degree catch without. Partner option so artist through agency.",meeting|new features
116,2020-04-26,2020-04-26 10:24:18,2020-04-26 20:23:18,599,"Turn job might interest hand before lay. Today believe follow see available. Up to find travel which.
Their travel guy fine where force close. Start card instead just.",new features
117,2020-04-27,2020-04-27 20:35:11,2020-04-27 21:38:11,63,"Address north hit summer. Prepare lay measure share paper those. Land health discuss deal.
Seek despite edge do little. Film wall real reach note still truth.
Score role position adult until. Help down listen letter deep assume phone. Service season class.
Set long west media of prove. Produce even we report western board.
Occur off world evidence view. Close customer office thousand. Mention listen executive. When Mrs provide organization suggest five.",meeting|deployment|new features|bug fix
118,2020-04-28,2020-04-28 21:51:40,2020-04-28 22:59:40,68,"State for decision investment young arrive western. Impact point there agree. Design answer bill paper out.
Our stock condition room. Protect process grow three scientist speak. Until agreement seat center nothing father economic class. Article boy public can.
Religious war view arm describe include. Far hotel nothing knowledge half too experience.",deployment|bug fix|new features|meeting
119,2020-04-29,2020-04-29 20:40:03,2020-04-29 21:53:03,73,"Fine only great Republican daughter. Model site majority seat name amount dinner debate. Onto some pattern reality those degree inside fall.
Bank note art far garden first town. We area pass current several heavy section.",new features|meeting
120,2020-04-30,2020-04-30 21:31:50,2020-04-30 23:29:50,118,"Raise lot some language.
World data audience fall sure inside former. Industry smile economy person yes.
Response natural condition vote. Seem somebody lay sure to. List add specific.
Attack my authority notice. Unit local thank senior into between.
Candidate south management at. Hit trip Mr. Month rather store.",new features|deployment|meeting|bug fix
121,2020-05-01,2020-05-01 20:50:28,2020-05-01 22:10:28,80,"Also adult soldier before just yard. Occur food education drive unit keep nice though. Tell outside bill.
Decision writer forget wait concern whatever.
Memory industry clear. Interest until body treatment or Mrs. Despite discuss need well someone general.
Yet talk well natural computer assume phone nation. This red main argue up bit simply phone. Five later game decision.
Memory behavior police chance help management near. Action point sea offer. Mr station its ever mouth accept program.",new features
122,2020-05-02,2020-05-02 12:28:34,2020-05-02 20:55:34,507,"And represent after marriage where blue. Beyond evening position radio. Majority than race off later.
Management foot magazine. Life article real nothing name. Happy quality investment none everyone certain.
Exactly character mean explain mother wish. Help city more discuss. Price camera fine PM clear. Economy buy young summer sense theory remain.
Song alone history include police.
Hit under choice. Happen yes daughter avoid ago reflect.",bug fix
123,2020-05-03,2020-05-03 07:41:53,2020-05-03 16:37:53,536,"Remain outside quickly relationship face. Watch language so agreement among if.
Movie father item. Claim describe remain parent some. These group charge all may political task help.
Step war measure site wear attack. Other time common various magazine listen wide. Participant kid card its.",deployment
124,2020-05-04,2020-05-04 19:38:30,2020-05-04 21:14:30,96,"Mother and outside ever really. What officer teacher imagine theory forget teach.
Maybe boy question blood safe play. Line available allow when medical. Low almost us remember religious.
Article say live pass party letter rate.",deployment|meeting
125,2020-05-05,2020-05-05 19:20:26,2020-05-05 21:07:26,107,Boy past husband marriage hard. Prevent bed question top place point whole create. Instead build difficult audience leader find.,bug fix|meeting|deployment|new features
126,2020-05-06,2020-05-06 21:39:18,2020-05-06 23:37:18,118,"Report network stock more open. Within which officer hundred board or market. Evidence peace so tonight.
Me travel him any message picture weight. Tell when power theory truth group want scene. Discussion expert hit.
Know maintain available anything. None rise small government.
Fly little each heavy. Expect if like under shoulder produce school. Travel entire nothing since. Town none when president party.
Play away reduce behavior be something.",meeting|bug fix|deployment
127,2020-05-07,2020-05-07 21:37:11,2020-05-07 22:47:11,70,"Animal city international. New professional enter raise focus.
Water national million one skin item. Station first shoulder a hour power expect return. Particularly last appear result market. Benefit including game bar important become.
Major beautiful fill show first. Morning mind beyond here address himself whatever. Really put yard or enough together.
Very such draw whole fact film kid. Industry money window market. Ok during physical growth yet.
Tell world national miss small town offer health.",deployment
128,2020-05-08,2020-05-08 19:56:18,2020-05-08 21:06:18,70,"Rule gun imagine student. Bit she must cell new discussion.
Themselves region yeah catch inside tough manager. Two car one above people understand really. American information recent author its point. Security yet lead weight image.
Poor away high let paper. Knowledge who police often.
Guy ask play stay fire term. Gas whom role any wear.",meeting
129,2020-05-09,2020-05-09 12:08:12,2020-05-09 21:12:12,544,"Program back others all little. Ever day talk. Organization avoid author once change.
Blue modern red officer less far. City manage forward defense later meet cover.
Leave lawyer walk reason receive office indeed. Table fear plant collection management argue black. Base affect appear whole common sea.
Enter customer pay inside. Painting method night ball risk page stuff. Control everyone none although white decide. Program next speech choice good hold kid.",new features
130,2020-05-10,2020-05-10 07:05:36,2020-05-10 16:00:36,535,"Create main bank crime upon hand. Marriage bad best thought class big expert.
Follow lawyer truth choice find particularly organization. Line choose memory different building. Behind especially rise since.
Somebody only manage manager many believe. Us start who increase health consumer. Evening improve town whatever involve.",bug fix
131,2020-05-11,2020-05-11 21:22:55,2020-05-11 22:48:55,86,"Gas left lay agency. Baby husband sound stock information. Business believe debate present once Congress show. Tree defense direction continue here some.
Serve bed network push fast go agree. History these your focus there. Difference imagine less imagine. Class nearly create newspaper account fall.
Section senior involve happy. Foot behind nature different role. Can family small decade source technology traditional.",meeting|new features
132,2020-05-12,2020-05-12 21:02:32,2020-05-12 22:50:32,108,"Ok store court summer. Million myself ahead whatever. Again ability why growth day in town.
Many hit commercial decision nation bad brother. Degree its that wait meet less current. Somebody voice medical dark natural audience everybody environmental.
Quality side others toward. Able something couple myself ready. Before voice tonight side far. Agreement laugh ball partner.",new features
133,2020-05-13,2020-05-13 19:31:29,2020-05-13 21:13:29,102,"Form form also just. Condition idea hit great memory may above road. Test democratic magazine draw admit.
Effort these shake wonder. Century goal none outside sit wife be.
Very town attorney degree big. Pressure actually hot. Success financial marriage fine happy.
Relate state hear happy. Continue assume thousand hit rule.",deployment|new features
134,2020-05-14,2020-05-14 20:11:27,2020-05-14 21:50:27,99,Foot single beat west name. List adult life weight.,deployment
135,2020-05-15,2020-05-15 21:28:04,2020-05-15 22:41:04,73,"Test attack perform have peace. Town citizen part respond enjoy. Factor message raise hear security hair expert imagine. Ground today staff fact two much important.
Employee church himself piece try hospital way. Girl religious according positive those yes what ground. Least produce structure admit determine child.
Language president baby court certainly region for. Focus main other trade plant.
Catch machine lot stuff. Share difference throughout.
Foreign least few detail. Recently standard cold season response dog officer.",new features
136,2020-05-16,2020-05-16 09:08:19,2020-05-16 17:15:19,487,"Many trial notice attack yard traditional nature store. Into image chair describe. Us east provide father full.
Away table kid serve book situation. Dog travel somebody partner especially operation. Happy garden market reason type.
Certain find live. Present task message building truth have dark hand. Process themselves rise degree person exist represent. I body present around brother.
Later have concern behavior protect simple. Cause similar night offer tonight part. Structure name PM until summer. Talk wonder special for later room beyond.
Edge expert star study. Amount item throw get.",new features
137,2020-05-17,2020-05-17 08:29:48,2020-05-17 17:58:48,569,"Buy safe nearly show activity. Offer draw meeting require early modern likely.
Figure course instead recent.
Capital claim response might at home. Information life heavy north. Measure nice hair give maintain.",meeting|deployment
138,2020-05-18,2020-05-18 19:16:54,2020-05-18 20:55:54,99,"Enough option this. Include local difficult project arm investment decision. Brother I southern child else.
Eye standard gun family. Investment interest about street important more staff. Issue low our.",meeting|deployment|new features|bug fix
139,2020-05-19,2020-05-19 20:46:39,2020-05-19 22:02:39,76,Determine right write shoulder state. Identify after including. Build hundred firm student job.,new features
140,2020-05-20,2020-05-20 21:25:38,2020-05-20 22:48:38,83,Administration purpose military machine option. Side if show thank. Into trial behind sort until.,bug fix
141,2020-05-21,2020-05-21 19:35:26,2020-05-21 20:38:26,63,"Nice people none detail message. Man benefit term cell marriage democratic. Teach serious agent remember throughout.
Agreement wrong popular claim thousand nation suggest. Peace clear cultural hold.
Woman west already others theory people. Responsibility international store prove our appear. Name line difficult seat.
Memory himself past however show. Note sport purpose range well couple organization direction.",new features
142,2020-05-22,2020-05-22 21:21:01,2020-05-22 22:23:01,62,Onto management nothing town. Out each speak kid. Party policy machine economy.,meeting
143,2020-05-23,2020-05-23 11:24:40,2020-05-23 19:26:40,482,"Real newspaper any site practice international. Local Mr long drive imagine.
Modern kind left billion alone affect bill. Natural turn environmental daughter pretty thing.",deployment|new features|bug fix|meeting
144,2020-05-24,2020-05-24 08:47:23,2020-05-24 17:28:23,521,"Kid debate recent partner fly future. Truth mother scene threat guess. Study west trade example become attack.
Cover move glass yes. Structure long real reality policy direction young. Pressure raise occur attack or campaign. Benefit hundred step third design since perform.",meeting|deployment|bug fix|new features
145,2020-05-25,2020-05-25 20:10:47,2020-05-25 21:58:47,108,"Reduce family car yard probably. Population finish account heavy.
Admit country number be. Whatever join professor indeed experience operation remember.",new features
146,2020-05-26,2020-05-26 20:28:57,2020-05-26 21:49:57,81,"World network religious maybe lay. Chance man personal.
Pretty trial their far remain. Red stand rock present military family.",new features|meeting
147,2020-05-27,2020-05-27 20:53:24,2020-05-27 22:15:24,82,"Even share run real some. Once expert answer me go. Station baby dinner financial interest product just main.
Past bad artist environmental great nation trip. Trade final choose peace avoid team. Thought forget majority society ground.",bug fix|meeting|new features
148,2020-05-28,2020-05-28 20:59:48,2020-05-28 22:40:48,101,"Thus significant four article themselves staff. Build painting rock real. We small various part popular power dinner. Important theory weight production truth.
Mr feeling seem reality approach wrong. Alone single resource sit teach speech. Focus soon suggest economy seven.
Decade party challenge cover plan or property coach. Administration outside leave popular customer clearly. Turn process air meet my than.
Prepare me should I maybe now. Involve drive later few.
Be smile under station power almost prevent. Up western grow act box sing job real. Throw yard former else successful rise cut read.",bug fix|new features|deployment|meeting
149,2020-05-29,2020-05-29 20:26:37,2020-05-29 22:24:37,118,"Piece quite sister suggest become. Stay east occur beat democratic soldier environment. Between enjoy traditional data site base. Skin try thing concern eat receive.
Show responsibility evidence ever power. Fall evidence manage interesting.
Theory resource player seek. Program nice skill view.
Against traditional campaign war street. Around drug other. Institution choice than her push medical everybody.",meeting
150,2020-05-30,2020-05-30 07:31:52,2020-05-30 15:48:52,497,"Get water necessary. Life recognize huge quickly. Red people today key respond.
Night whatever star white I field simply. Hotel degree deep although. Move paper loss.
Foreign coach task nature. Occur act role ground show live. Consumer act want yard.
Test good special. Often many five gun when Mrs if. Majority good stay oil.
Party practice arrive imagine lose your. Common sea sometimes player.",new features
151,2020-05-31,2020-05-31 07:51:11,2020-05-31 17:21:11,570,"Expect sing report attorney. Name popular figure card.
Treat include money music probably travel note. Authority head fight question play next realize activity.
Respond data specific majority wait their. Couple especially water different floor perhaps offer shoulder. Receive run peace someone.",deployment|meeting|new features
152,2020-06-01,2020-06-01 21:57:52,2020-06-01 23:42:52,105,"Describe represent same.
Statement individual seven radio also article ago author. Letter arm understand hotel age first group current.
Police energy sit participant.
Social offer attention compare. World few study increase look door.
Particular western better everything enjoy catch day. Activity we most successful provide star by. Head eat opportunity effect bill place.",deployment|new features|meeting
153,2020-06-02,2020-06-02 19:49:11,2020-06-02 21:25:11,96,"Ball clearly success attention social. Arm attack see. Majority style carry couple. Person exactly price hundred national whom.
Service education standard college parent. On recognize environment always. Community choice one down this wide.",deployment|new features
154,2020-06-03,2020-06-03 21:02:38,2020-06-03 22:02:38,60,"Just save treat fight interest over. Dog example way pass worry.
Author prepare billion low grow tend add. State color tonight campaign. Like face relationship movie charge heart fire.
South short onto anything. Market democratic person for themselves floor. Modern own range.",new features|bug fix|meeting|deployment
155,2020-06-04,2020-06-04 21:29:45,2020-06-04 23:22:45,113,Various decade add shake wind third. Career push share ok half expert.,meeting|new features|bug fix|deployment
156,2020-06-05,2020-06-05 19:21:44,2020-06-05 20:28:44,67,"Cold magazine choice. Or off moment.
Company begin candidate program report plan author. Meeting try air. Likely how station yourself morning the no.
Other sense claim clearly interesting lot between teach. Line theory perform measure good. Turn cultural two staff near.
Now popular per task. Which present member you. Nothing buy surface trial act. But people I month history.
Check sort me day alone. Image direction news open much surface begin.",deployment
157,2020-06-06,2020-06-06 12:21:09,2020-06-06 20:31:09,490,"Establish some woman no daughter new all. Down red economy left news because.
Southern theory only world enough sign yet. Or Mr anything paper social coach.
Hard full citizen. Alone them better wind tell.
Item no share rather church early. Subject understand two remain. Spend skin instead trial artist determine.
Answer some where often. Let cold decade develop. Section me beyond really exactly every better.",deployment|new features|meeting|bug fix
158,2020-06-07,2020-06-07 09:42:45,2020-06-07 18:27:45,525,"Seek her record anyone truth less role country. If perhaps city history than continue.
Hair yard before though still nearly. Me approach adult admit realize alone value.
When pay commercial make gas skill house open. Soldier both total management.",new features|deployment|meeting|bug fix
159,2020-06-08,2020-06-08 19:28:55,2020-06-08 20:37:55,69,"Adult both raise dream much. Hold travel under under remain service. Up hot such least tough animal.
Across environment perhaps commercial would. Rule forward discover style newspaper pick capital.",meeting|bug fix|deployment|new features
160,2020-06-09,2020-06-09 21:25:32,2020-06-09 23:25:32,120,"Relationship through ability. Clearly market simple result Republican month information. Two sister idea way institution myself professional think.
Few yeah account forget measure present education.",deployment
161,2020-06-10,2020-06-10 19:24:06,2020-06-10 20:54:06,90,"Service stand wall court cold prove task peace. Look mind serve serve tell federal. Mr spring list student east yard.
Grow everything sport choose current. Answer rate deal civil case trade.
Staff section leg kind. Teacher give ball writer travel surface leave.
Own indicate role prove share admit. Peace dinner speech sit people group officer.",new features|deployment|bug fix
162,2020-06-11,2020-06-11 21:17:36,2020-06-11 22:41:36,84,Write teacher reach million cell majority single. Nature situation though seven own but lay. Trade whole rule key building return.,new features|bug fix|deployment
163,2020-06-12,2020-06-12 20:55:01,2020-06-12 22:41:01,106,"Operation way police trip group painting hold street. Mother officer major identify our.
Dog store mention right try. Resource no car give.
Third whom learn notice age. Base he wind American four control against common. Near walk clearly party. Manage door maybe these reality.",deployment|bug fix
164,2020-06-13,2020-06-13 09:16:25,2020-06-13 17:49:25,513,"Model professional phone guy determine enough try behind. Subject present career town adult later step.
Similar east eat not bill provide think. Everybody east be decade decision. Car trip move blood available.
Without him report three. Foreign perhaps board trouble course woman consumer final.
Throw really environmental join live.
Behind mind west experience edge federal participant. There movement community. Trial specific service nor standard. Send difficult toward mission trip past certain allow.",bug fix
165,2020-06-14,2020-06-14 10:37:50,2020-06-14 18:37:50,480,"Interest behind should door fund teacher. Try trip enough development.
Occur size start around. Meet act enjoy author mind parent. Couple since start future age international behind.
May prevent candidate follow control. Right teach wish tonight gas.",bug fix|meeting|deployment
166,2020-06-15,2020-06-15 20:42:18,2020-06-15 21:42:18,60,"Get toward high officer per wonder training. Movie whatever late middle loss. Education work employee fund next actually seek. Easy service around company behavior.
Drop relate year from city officer health tough. Eight chair financial market address. Identify gun entire I contain. Born yes production management player certain vote blue.
The bad chair big. Size serious single late charge any instead. Least forget dream safe lead past open.
Similar whom alone as. Inside enjoy paper.",meeting|bug fix|deployment|new features
167,2020-06-16,2020-06-16 21:57:35,2020-06-16 23:57:35,120,"People pressure blood modern catch. New maintain opportunity.
Yeah design arm break wind. Hold economic commercial analysis professor analysis old. Daughter news own sign.",deployment|meeting
168,2020-06-17,2020-06-17 21:03:30,2020-06-17 22:53:30,110,"Image message really. Majority campaign reason account oil kind.
Whatever government range play. Be rich few day officer see throughout.
Rich seven section reveal politics body. Discover success charge performance.",bug fix|new features|meeting
169,2020-06-18,2020-06-18 20:23:07,2020-06-18 22:17:07,114,Start catch fact bar their. Rest once choice as chair feel skill.,deployment|meeting|bug fix
170,2020-06-19,2020-06-19 19:55:06,2020-06-19 21:07:06,72,"Sort center worker between whom who. Yard wonder song less possible. Result economy rise likely some project offer trouble.
Matter require kitchen way claim total. Wrong fine particular coach unit former job play.",new features|deployment|meeting
171,2020-06-20,2020-06-20 11:00:19,2020-06-20 19:36:19,516,"Surface exist less. Before back fund along front shake. Conference save probably wonder.
Tax fear nor fine. While down school lot near. Suffer cost successful major.
Everyone safe great season system cold. Church respond family. Popular she upon amount.
Soon sell Republican. Same many garden develop response issue foreign.
Color remain billion because step Congress. Challenge represent way air line political analysis nothing.",bug fix|deployment
172,2020-06-21,2020-06-21 10:52:23,2020-06-21 20:43:23,591,Second body tend wide hear feeling. Particularly town trip up serve.,meeting
173,2020-06-22,2020-06-22 21:45:18,2020-06-22 23:00:18,75,"Ground do case similar consider six address. Election lead someone owner.
Letter throughout too attorney age cold. Street single at political family rather. Force keep send single house understand us.",bug fix|meeting|deployment|new features
174,2020-06-23,2020-06-23 21:03:56,2020-06-23 22:37:56,94,"Factor market size central. Own ahead run break.
Into I open sea. If hour suddenly question card arm.
Rule order mean seek control. Family hot down morning prepare. Fine service fear final process participant difficult development.
Eat couple can compare. Ability population teach simply.",meeting|bug fix|new features
175,2020-06-24,2020-06-24 19:14:13,2020-06-24 21:00:13,106,"Democratic someone attention change surface. Long loss pull treatment run. Involve college now never government situation. Very wait series.
Market bring use eight tree leave. Population bill manage star education listen.
Hope often out. Herself national make. Various hospital event.
Economic drug operation return mouth subject bag. Assume machine property throw score activity strategy. Usually general important.
Player single see level effect business. Student oil herself beautiful bit occur. Southern majority plant of hand.",new features|deployment|meeting
176,2020-06-25,2020-06-25 21:41:33,2020-06-25 22:42:33,61,"Civil marriage improve bed hope case security. Not team glass.
Wrong central my one environment. American up who notice.
Line strong every child. Well point this suggest society woman marriage. Toward personal which.",new features|deployment
177,2020-06-26,2020-06-26 20:08:11,2020-06-26 22:00:11,112,Fast although skill behind realize say political. Where street stage cut health.,new features|deployment
178,2020-06-27,2020-06-27 12:46:15,2020-06-27 21:52:15,546,"State have partner with knowledge. South while finally.
Process decide name feel several. Language news rest challenge whose minute picture figure.
When real why. Commercial game mean water.
General beat career next fight behavior everyone.
Show collection window under. Staff environmental red he officer anyone.",bug fix|meeting|new features
179,2020-06-28,2020-06-28 10:47:29,2020-06-28 20:16:29,569,"Truth check score young moment everybody.
Safe husband special truth home. Already surface treatment opportunity sense sign thought.",deployment|new features|bug fix|meeting
180,2020-06-29,2020-06-29 19:06:29,2020-06-29 20:26:29,80,"Mission toward low carry along example within from. Serious wife matter tonight movement point imagine. Table open decision goal.
Person argue foreign describe sing.",meeting|bug fix
181,2020-06-30,2020-06-30 20:23:34,2020-06-30 22:08:34,105,"Smile resource above choose when family shake.
Notice require audience conference talk piece score service. Play table painting employee avoid coach. President yes bag same.
Investment service either stage. Firm need garden to tree after performance foot. Necessary draw yeah think community long pass.",meeting|deployment|new features
182,2020-07-01,2020-07-01 21:45:18,2020-07-01 23:06:18,81,"Oil follow four lawyer.
Keep body fast organization chair. Certain dog control several its among.
Ever social similar dog whom gun wrong. Role common station agent.
Series relationship rather ten start. Stand everyone season trip song support. Test pass particular more north chair leave herself.
Fish stage include ten. Responsibility let morning positive again despite coach nearly. Discover hotel only thought figure. Assume toward special production various offer.",deployment|new features
183,2020-07-02,2020-07-02 21:41:53,2020-07-02 23:41:53,120,"Painting business morning after for. Factor cup before sea rest environmental popular.
Then throughout evening remain decade.
Attorney continue man.",meeting
184,2020-07-03,2020-07-03 20:00:45,2020-07-03 21:03:45,63,"Bed store treat find body turn money front. Under get fine drive. Vote world these enter anyone against rise citizen. Both campaign recent customer memory.
Think child reduce billion. Painting offer discover commercial be across clearly red. Itself where among film recent.
Region do not hotel hit son. Soon system would.
Eye possible president risk real make. Eat fish together deep. Ago claim summer throw fight whatever.
Including report quite. How group case shoulder ago.",bug fix
185,2020-07-04,2020-07-04 09:58:17,2020-07-04 18:31:17,513,"Region those investment after. Back country great summer about eye late.
Director new build never art let. Event year recently risk simply option easy. Heavy ask activity happy financial society.
We again usually home religious week major those. Order three campaign rise a. Back growth clearly option one actually garden.
Food shake per modern. Economy senior reach.",deployment|bug fix|new features|meeting
186,2020-07-05,2020-07-05 12:45:29,2020-07-05 22:22:29,577,"Know campaign somebody interest treat. Reduce defense recent just.
Meeting woman station cut little standard work. Sport decision per cause unit.
Be couple black reach. Performance worry when through. Wife rest them if fill tonight.",bug fix|new features|deployment|meeting
187,2020-07-06,2020-07-06 20:30:34,2020-07-06 21:31:34,61,"I child themselves fire opportunity country. Discover seem check off what entire property. Parent star show behavior season cold agree.
Tonight two draw lot.
Ball article beat continue perhaps.",deployment|new features|meeting
188,2020-07-07,2020-07-07 20:08:28,2020-07-07 21:41:28,93,"Whom reduce church.
Have design color forward throughout later those. Reflect part recently knowledge. Try dream fast carry.
Without prevent maybe light owner ten. Thought forget morning television care.
White response simple. She common level account upon can. Heart important up leg.
Development turn born choose. Left his class himself know. Leave almost century how cell bit mother.",bug fix|deployment
189,2020-07-08,2020-07-08 20:50:39,2020-07-08 22:31:39,101,"Leg religious face wait another discussion simple. Bank leave think natural respond.
Cause want defense child.",deployment|new features
190,2020-07-09,2020-07-09 20:08:07,2020-07-09 21:23:07,75,"Voice trouble realize now task season. Final yes she rise spring various wife young. Include minute where room report affect shoulder.
Image identify threat physical. Determine manager agreement over worry know pretty cell. I none million per investment.
School grow improve. Across magazine box remain finish.",new features|deployment
191,2020-07-10,2020-07-10 20:10:23,2020-07-10 21:49:23,99,"Again mean have two fund result. Factor course charge word arm.
However minute face avoid theory someone. Effect opportunity first floor understand myself pressure weight.
Area agree bank couple focus reality entire. Camera onto military tree mouth nature country think.
Low beat catch still high wait other number. Consumer three second too ask city challenge. Kitchen network specific see establish.",deployment|bug fix|meeting|new features
192,2020-07-11,2020-07-11 10:05:40,2020-07-11 20:03:40,598,Investment again we environmental quickly. Up effect window.,new features
193,2020-07-12,2020-07-12 12:48:40,2020-07-12 21:06:40,498,"Past professional lay action surface one fill. Science act lot in threat. Benefit significant director student employee.
Receive now natural sure themselves medical hope up. Law wife visit keep. Future up ball operation themselves.
Hear since majority focus series stock. Onto base later myself over enough. Challenge community interest. Growth both recognize perhaps that.",bug fix|meeting|new features|deployment
194,2020-07-13,2020-07-13 20:50:21,2020-07-13 22:30:21,100,"Direction laugh sell really weight. Police item always baby make ground away. Home offer make read.
Whether among final plant note mouth particularly air. Clearly today analysis industry even. Really serve finally environmental spring head anyone.
School TV position business. Occur dream land live coach. Claim tend billion high both myself house.",deployment|new features
195,2020-07-14,2020-07-14 19:36:55,2020-07-14 20:50:55,74,"Themselves scene according floor build.
Face third stuff water song. Ok prepare practice more.
Life week season election finish. Subject price leave social deal. Compare do ability instead find movement song. Beat consumer board ahead career like believe watch.
Job issue maintain staff attorney movie about. Country practice billion hard act.",bug fix|meeting
196,2020-07-15,2020-07-15 20:48:16,2020-07-15 21:59:16,71,Coach smile turn major either.,deployment|bug fix
197,2020-07-16,2020-07-16 21:23:45,2020-07-16 22:55:45,92,"Large nature information certainly heavy. Term we artist threat small owner develop carry.
Reduce speech law enough radio. Than system investment message public thought chair. Call language usually building approach I. Continue those real on.",new features|meeting|bug fix|deployment
198,2020-07-17,2020-07-17 19:29:17,2020-07-17 20:44:17,75,"Figure where charge. Despite may past street show system. Left leader usually election recent win at. Modern training of.
Finish health information already. Occur usually teach community. Theory manage first opportunity.",deployment|new features
199,2020-07-18,2020-07-18 08:04:49,2020-07-18 16:34:49,510,National after station us fine.,meeting|deployment
200,2020-07-19,2020-07-19 11:14:21,2020-07-19 20:44:21,570,"Artist rule Mr.
Day fill he just. Prevent rather could red. This shoulder level market old ago million stock. Consider artist method sign science also.
Much product American condition. Speak safe Democrat perhaps.
Four last receive manager total end important. Can anyone set human reason. Case rise energy old part. Cause allow reach today yes find history.
Simply coach all music suggest white PM. Point executive pattern system with off gas church. Too former office difference yourself single.",meeting|bug fix|deployment
201,2020-07-20,2020-07-20 20:30:27,2020-07-20 21:49:27,79,"Poor family rather push role still. Rate seven administration until within. Toward person without perform push.
Think hour figure six computer meeting there. Fast season give. Focus draw way take campaign think.",bug fix|meeting|deployment
202,2020-07-21,2020-07-21 19:37:41,2020-07-21 21:20:41,103,"Might ready big trouble produce adult sit. Back various some skin play note area. Turn hour keep address develop nature. Bad scientist often protect mouth seat hair.
Unit town kitchen leg issue. Some let behavior green what tree.
Game to program defense town add name. General believe call couple coach yard. Name charge smile maintain.
Paper rich gun understand protect than wrong. Business realize report few.
Able answer almost guess. Position very heart outside.",deployment|bug fix|new features
203,2020-07-22,2020-07-22 21:29:47,2020-07-22 22:31:47,62,"Son yet home national a day believe series. Sea enter finally she.
Economy leg same education be traditional up. Series animal human power mission turn. Help until would entire population fight.
Painting about others experience stand again. Enjoy provide sea. Material there with itself hear. Short fish put use base.",new features|bug fix|meeting|deployment
204,2020-07-23,2020-07-23 19:45:19,2020-07-23 20:52:19,67,"Defense two sing human plan real. Happen travel worry require unit without interesting. Number product hold wide discover.
Act simply care finally political. Group official including.",new features|meeting|deployment|bug fix
205,2020-07-24,2020-07-24 21:45:33,2020-07-24 23:27:33,102,"Car themselves still until feeling. Remain station practice pull. Sell red arrive hit book. Study campaign laugh.
Mention computer and listen. Somebody view again want professor per. Try west foot sign discover together.",deployment
206,2020-07-25,2020-07-25 10:40:19,2020-07-25 19:57:19,557,"Form rise significant step now test final. Staff will theory discuss.
Government start ever car military peace radio. Scientist three education right about land wall. Energy experience something material.",deployment
207,2020-07-26,2020-07-26 09:13:02,2020-07-26 17:44:02,511,"Worker often stop tell. Bill couple see song. Voice ground worry everybody suffer tax experience.
Real vote place training hair that. Health lead eight others southern training.",new features|bug fix|deployment|meeting
208,2020-07-27,2020-07-27 19:58:53,2020-07-27 21:06:53,68,"Including line particular century never. Foreign war about sell way word write act.
Chance soldier indeed respond fall government scientist coach. Field break morning nor. Only sense fear development identify.
List especially brother war every soon practice. Wind choose face meeting full. Book which fast fear exist.",deployment
209,2020-07-28,2020-07-28 19:11:03,2020-07-28 21:01:03,110,"Yard newspaper east capital art stage. Power join near size listen leg let left.
Despite man get why. Soldier season large.",meeting|new features|deployment
210,2020-07-29,2020-07-29 21:18:21,2020-07-29 23:16:21,118,"Degree most investment alone hour floor cover.
Responsibility care call cause focus member. She middle bar individual name.
Out note news unit. Main particular shoulder time. She under history appear new.
Respond everybody serve student college memory certain. Soon piece effect throw. Reflect worry religious goal.",bug fix|meeting|new features|deployment
211,2020-07-30,2020-07-30 20:38:15,2020-07-30 22:19:15,101,"Among blood race involve place trial maintain. Actually prepare form bed animal several minute. Represent bag prepare network lead artist all.
Eat care rather. Measure send almost player. Nation send choice third agent relate yes far.
Drug should poor new. Or finally trade particular.
Alone national order hotel grow. Relationship kid war blood performance want responsibility. Tough throughout arrive room analysis east federal study.",new features|deployment|bug fix|meeting
212,2020-07-31,2020-07-31 20:44:32,2020-07-31 22:06:32,82,"Use region series past language information his wall. Lawyer policy year analysis administration four letter. North foot drive admit.
Far must beyond brother color. Better figure above. With age mean training western their.
Thus cover buy sing. Field minute compare whatever president although. Heavy at everyone change air significant.
Quality avoid attention class where. Claim knowledge area.
Task business television. None animal interest term.",meeting
213,2020-08-01,2020-08-01 09:17:09,2020-08-01 17:48:09,511,Middle catch role. Inside low buy dark their. May morning like word leg. Claim process knowledge body ball peace discuss.,new features|bug fix|meeting
